{"cameraMode":{"drawMode":0,"name":"Shaded","section":"Shading Mode"},"sceneLighting":true,"audioPlay":false,"sceneViewState":{"showFog":false,"showMaterialUpdate":false,"showSkybox":false,"showFlares":false,"showImageEffects":false,"showParticleSystems":false},"in2DMode":false,"pivot":{"x":4.790729522705078,"y":-0.4593749940395355,"z":3.5343785285949709},"rotation":{"x":0.07197432965040207,"y":-0.6820077896118164,"z":0.06773769110441208,"w":0.7246391773223877},"size":15.873539924621582,"orthographic":true}